{"cameraMode":{"drawMode":0,"name":"Shaded","section":"Shading Mode"},"sceneLighting":false,"audioPlay":false,"sceneViewState":{"m_AlwaysRefresh":false,"showFog":true,"showSkybox":true,"showFlares":true,"showImageEffects":true,"showParticleSystems":true,"showVisualEffectGraphs":true,"m_FxEnabled":true},"in2DMode":false,"pivot":{"x":-1.1355719566345215,"y":0.6430132985115051,"z":-2.7586731910705568},"rotation":{"x":0.1378040462732315,"y":-0.31358301639556887,"z":0.04604863002896309,"w":0.938384473323822},"size":1.9986658096313477,"orthographic":false}